{
  "detector_version": 4,
  "is_mcq": false,
  "pdf_height_pt": 265.29168701171875,
  "pdf_width_pt": 595.0,
  "regions": [
    {
      "assignment_confident": true,
      "field_id": "6__0",
      "kind": "lines",
      "leaf_number": "6",
      "page": 1,
      "x0": 42.000789642333984,
      "x1": 559.7619018554688,
      "y0": 53.229797299702966,
      "y1": 253.42415676116943
    }
  ],
  "snippet_sha": "93d88958df3c35a3"
}