{
  "detector_version": 3,
  "is_mcq": false,
  "pdf_height_pt": 65.6435546875,
  "pdf_width_pt": 595.0,
  "regions": [
    {
      "assignment_confident": true,
      "field_id": "1__0",
      "kind": "short_line",
      "leaf_number": "1",
      "page": 1,
      "x0": 381.8951416015625,
      "x1": 536.8294677734375,
      "y0": 32.92358589172363,
      "y1": 48.92358589172363
    }
  ],
  "snippet_sha": "2e80a043938311c3"
}